Task,Validation Accuracy,Validation Loss
Multi-Task Learning,0.0,0.0
Next POI,0.3784324685708215,1.075888613106807
Category,0.4289284451057852,0.942190907781827
