Task,Validation Accuracy,Validation Loss
Multi-Task Learning,0.0,0.0
Next POI,0.4113309132608642,1.033922535742343
Category,0.40193453952500713,1.0114525330541604
